[{"model": "insp.wisdombook", "pk": 1, "fields": {"writer": 1, "title": "죄와 벌", "author": "도스토옙스키", "pages": 125, "content": "\"인간에게 가장 중요한 것은 자유다. 특히 실질적인 자유, 무엇보다도 양심의 자유다.\"\r\n\r\n이 문장은 인간의 도덕성과 양심의 갈등을 깊이 있게 다룬 이 작품의 주제를 압축적으로 보여줍니다.", "translator": "이상원", "publisher": "민음사", "pub_date": null, "create_date": "2024-12-04T03:43:05.395Z", "modify_date": null, "view_count": 190, "voter": []}}, {"model": "insp.wisdombook", "pk": 2, "fields": {"writer": 1, "title": "오페라의 유령", "author": "가스통 르루", "pages": 150, "content": "가면 아래에는 숨길 수 없는 진실이 있다. 그 진실은 때로는 고독이고, 때로는 사랑이다.", "translator": "유광진", "publisher": "황금가지", "pub_date": null, "create_date": "2024-12-04T09:35:42.355Z", "modify_date": null, "view_count": 40, "voter": []}}, {"model": "insp.inspiration", "pk": 1, "fields": {"writer": 1, "wisdom": 1, "content": "첫 번째 의견입니다.", "create_date": "2024-12-04T05:28:07.489Z", "modify_date": null, "view_count": 0, "voter": []}}, {"model": "insp.inspiration", "pk": 2, "fields": {"writer": 1, "wisdom": 1, "content": "두 번째 의견입니다.", "create_date": "2024-12-04T05:28:15.278Z", "modify_date": null, "view_count": 0, "voter": []}}, {"model": "insp.comment", "pk": 1, "fields": {"writer": 1, "content": "인간의 도덕성과 양심의 갈등을 깊이 있게 다룬 이 작품의 주제를 압축적으로 보여지네요.", "create_date": "2024-12-04T03:52:04.237Z", "modify_date": null, "wisdom": 1, "inspiration": null, "parent": null, "voter": []}}, {"model": "insp.comment", "pk": 2, "fields": {"writer": 1, "content": "두 번째 댓글입니다.", "create_date": "2024-12-04T05:16:18.820Z", "modify_date": null, "wisdom": 1, "inspiration": null, "parent": null, "voter": []}}, {"model": "insp.comment", "pk": 3, "fields": {"writer": 1, "content": "세 번째 댓글입니다.", "create_date": "2024-12-04T05:28:24.131Z", "modify_date": null, "wisdom": 1, "inspiration": null, "parent": null, "voter": []}}, {"model": "insp.comment", "pk": 4, "fields": {"writer": 1, "content": "first comment to inspiration id 1", "create_date": "2024-12-04T07:25:37.738Z", "modify_date": null, "wisdom": null, "inspiration": 1, "parent": null, "voter": []}}, {"model": "insp.comment", "pk": 5, "fields": {"writer": 1, "content": "네 번째 댓글입니다.", "create_date": "2024-12-04T11:13:24.152Z", "modify_date": null, "wisdom": 1, "inspiration": null, "parent": null, "voter": []}}, {"model": "insp.comment", "pk": 6, "fields": {"writer": 1, "content": "다섯 번째 댓글입니다.", "create_date": "2024-12-04T11:13:34.181Z", "modify_date": null, "wisdom": 1, "inspiration": null, "parent": null, "voter": []}}, {"model": "insp.comment", "pk": 7, "fields": {"writer": 1, "content": "댓글을 답니다.", "create_date": "2024-12-04T23:49:18.458Z", "modify_date": null, "wisdom": 2, "inspiration": null, "parent": null, "voter": []}}, {"model": "insp.comment", "pk": 8, "fields": {"writer": 1, "content": "죄와 벌 - 의견 1에 대한 댓글입니다.", "create_date": "2024-12-05T00:22:57.163Z", "modify_date": null, "wisdom": null, "inspiration": 1, "parent": null, "voter": []}}, {"model": "insp.comment", "pk": 9, "fields": {"writer": 1, "content": "죄와 벌 의견 2에 대한 댓글입니다.", "create_date": "2024-12-05T00:36:10.679Z", "modify_date": null, "wisdom": null, "inspiration": 2, "parent": null, "voter": []}}, {"model": "insp.comment", "pk": 10, "fields": {"writer": 1, "content": "첫 번째 의견에 대한 댓글을 답니다.", "create_date": "2024-12-05T15:25:31.864Z", "modify_date": "2024-12-05T15:25:31.863Z", "wisdom": null, "inspiration": 1, "parent": null, "voter": []}}, {"model": "insp.comment", "pk": 11, "fields": {"writer": 1, "content": "첫 번째 의견에 대한 댓글을 답니다.", "create_date": "2024-12-05T15:25:38.398Z", "modify_date": "2024-12-05T15:25:38.398Z", "wisdom": null, "inspiration": 1, "parent": null, "voter": []}}, {"model": "insp.comment", "pk": 12, "fields": {"writer": 1, "content": "여섯 번째 댓글을 답니다. 창이 닫히지 않아야 할텐데요.", "create_date": "2024-12-05T15:36:15.969Z", "modify_date": "2024-12-05T15:36:15.969Z", "wisdom": 1, "inspiration": null, "parent": null, "voter": []}}, {"model": "insp.comment", "pk": 13, "fields": {"writer": 1, "content": "여섯 번째 댓글을 답니다. 창이 닫히지 않아야 할텐데요.", "create_date": "2024-12-05T15:36:15.971Z", "modify_date": "2024-12-05T15:36:15.970Z", "wisdom": 1, "inspiration": null, "parent": null, "voter": []}}, {"model": "insp.comment", "pk": 14, "fields": {"writer": 1, "content": "일곱 번째 댓글입니다.", "create_date": "2024-12-05T15:43:02.657Z", "modify_date": "2024-12-05T15:43:02.657Z", "wisdom": 1, "inspiration": null, "parent": null, "voter": []}}, {"model": "insp.comment", "pk": 15, "fields": {"writer": 1, "content": "일곱 번째 댓글입니다.", "create_date": "2024-12-05T15:43:02.658Z", "modify_date": "2024-12-05T15:43:02.658Z", "wisdom": 1, "inspiration": null, "parent": null, "voter": []}}, {"model": "insp.comment", "pk": 16, "fields": {"writer": 1, "content": "asdf", "create_date": "2024-12-05T15:44:29.956Z", "modify_date": "2024-12-05T15:44:29.955Z", "wisdom": 1, "inspiration": null, "parent": null, "voter": []}}, {"model": "insp.comment", "pk": 17, "fields": {"writer": 1, "content": "asdf", "create_date": "2024-12-05T15:44:29.956Z", "modify_date": "2024-12-05T15:44:29.956Z", "wisdom": 1, "inspiration": null, "parent": null, "voter": []}}, {"model": "insp.comment", "pk": 18, "fields": {"writer": 1, "content": "asdf", "create_date": "2024-12-05T15:44:37.889Z", "modify_date": "2024-12-05T15:44:37.888Z", "wisdom": null, "inspiration": 1, "parent": null, "voter": []}}, {"model": "insp.comment", "pk": 19, "fields": {"writer": 1, "content": "asdf", "create_date": "2024-12-05T15:44:37.891Z", "modify_date": "2024-12-05T15:44:37.891Z", "wisdom": null, "inspiration": 1, "parent": null, "voter": []}}, {"model": "insp.comment", "pk": 20, "fields": {"writer": 1, "content": "asdf", "create_date": "2024-12-05T15:44:44.379Z", "modify_date": "2024-12-05T15:44:44.379Z", "wisdom": null, "inspiration": 2, "parent": null, "voter": []}}, {"model": "insp.comment", "pk": 21, "fields": {"writer": 1, "content": "asdf", "create_date": "2024-12-05T15:44:44.381Z", "modify_date": "2024-12-05T15:44:44.381Z", "wisdom": null, "inspiration": 2, "parent": null, "voter": []}}, {"model": "insp.comment", "pk": 22, "fields": {"writer": 1, "content": "댓글입니다.", "create_date": "2024-12-05T17:07:38.866Z", "modify_date": "2024-12-05T17:07:38.865Z", "wisdom": null, "inspiration": 1, "parent": null, "voter": []}}, {"model": "insp.comment", "pk": 23, "fields": {"writer": 1, "content": "댓글을 답니다.", "create_date": "2024-12-05T17:08:31.017Z", "modify_date": "2024-12-05T17:08:31.016Z", "wisdom": 2, "inspiration": null, "parent": null, "voter": []}}, {"model": "insp.comment", "pk": 24, "fields": {"writer": 1, "content": "세 번째 댓글입니다.", "create_date": "2024-12-05T17:08:43.054Z", "modify_date": "2024-12-05T17:08:43.053Z", "wisdom": 2, "inspiration": null, "parent": null, "voter": []}}, {"model": "insp.comment", "pk": 25, "fields": {"writer": 1, "content": "네 번째 댓글입니다.", "create_date": "2024-12-05T17:09:15.216Z", "modify_date": "2024-12-05T17:09:15.216Z", "wisdom": null, "inspiration": 2, "parent": null, "voter": []}}, {"model": "insp.comment", "pk": 26, "fields": {"writer": 1, "content": "ㅁㄴㅇㄻㄴㅇㄹ", "create_date": "2024-12-05T17:13:00.163Z", "modify_date": "2024-12-05T17:13:00.162Z", "wisdom": 1, "inspiration": null, "parent": null, "voter": []}}, {"model": "insp.comment", "pk": 27, "fields": {"writer": 1, "content": "ㅁㄴㅇㄻㄴㅇㄻㄴㅇㄹ", "create_date": "2024-12-05T17:13:12.023Z", "modify_date": "2024-12-05T17:13:12.022Z", "wisdom": null, "inspiration": 1, "parent": null, "voter": []}}, {"model": "insp.comment", "pk": 28, "fields": {"writer": 1, "content": "제발!~~~", "create_date": "2024-12-05T17:18:44.250Z", "modify_date": "2024-12-05T17:18:44.249Z", "wisdom": null, "inspiration": 1, "parent": null, "voter": []}}, {"model": "insp.comment", "pk": 29, "fields": {"writer": 1, "content": "제발~~", "create_date": "2024-12-05T17:19:07.877Z", "modify_date": "2024-12-05T17:19:07.876Z", "wisdom": 1, "inspiration": null, "parent": null, "voter": []}}, {"model": "insp.comment", "pk": 30, "fields": {"writer": 1, "content": "ㅁㅁㅁㅁㅁ", "create_date": "2024-12-05T17:22:01.688Z", "modify_date": "2024-12-05T17:22:01.687Z", "wisdom": 1, "inspiration": null, "parent": null, "voter": []}}, {"model": "insp.comment", "pk": 31, "fields": {"writer": 1, "content": "댓글아 달려라.", "create_date": "2024-12-06T08:55:34.436Z", "modify_date": "2024-12-06T08:55:34.435Z", "wisdom": 1, "inspiration": null, "parent": null, "voter": []}}, {"model": "insp.comment", "pk": 32, "fields": {"writer": 1, "content": "제발 바로 달려라. 닫히지 말고, 가만히 있지도 말고...", "create_date": "2024-12-06T08:56:07.088Z", "modify_date": "2024-12-06T08:56:07.088Z", "wisdom": null, "inspiration": 1, "parent": null, "voter": []}}, {"model": "insp.comment", "pk": 33, "fields": {"writer": 1, "content": "달려라 달려", "create_date": "2024-12-06T09:02:01.121Z", "modify_date": "2024-12-06T09:02:01.120Z", "wisdom": null, "inspiration": 1, "parent": null, "voter": []}}, {"model": "insp.comment", "pk": 34, "fields": {"writer": 1, "content": "네 번째 댓글입니다.", "create_date": "2024-12-06T09:10:03.746Z", "modify_date": "2024-12-06T09:10:03.746Z", "wisdom": 2, "inspiration": null, "parent": null, "voter": []}}, {"model": "insp.comment", "pk": 35, "fields": {"writer": 1, "content": "댓글아 바로 달려라.", "create_date": "2024-12-06T09:10:39.431Z", "modify_date": "2024-12-06T09:10:39.430Z", "wisdom": null, "inspiration": 1, "parent": null, "voter": []}}, {"model": "auth.permission", "pk": 1, "fields": {"name": "Can add wisdom book", "content_type": 1, "codename": "add_wisdombook"}}, {"model": "auth.permission", "pk": 2, "fields": {"name": "Can change wisdom book", "content_type": 1, "codename": "change_wisdombook"}}, {"model": "auth.permission", "pk": 3, "fields": {"name": "Can delete wisdom book", "content_type": 1, "codename": "delete_wisdombook"}}, {"model": "auth.permission", "pk": 4, "fields": {"name": "Can view wisdom book", "content_type": 1, "codename": "view_wisdombook"}}, {"model": "auth.permission", "pk": 5, "fields": {"name": "Can add inspiration", "content_type": 2, "codename": "add_inspiration"}}, {"model": "auth.permission", "pk": 6, "fields": {"name": "Can change inspiration", "content_type": 2, "codename": "change_inspiration"}}, {"model": "auth.permission", "pk": 7, "fields": {"name": "Can delete inspiration", "content_type": 2, "codename": "delete_inspiration"}}, {"model": "auth.permission", "pk": 8, "fields": {"name": "Can view inspiration", "content_type": 2, "codename": "view_inspiration"}}, {"model": "auth.permission", "pk": 9, "fields": {"name": "Can add comment", "content_type": 3, "codename": "add_comment"}}, {"model": "auth.permission", "pk": 10, "fields": {"name": "Can change comment", "content_type": 3, "codename": "change_comment"}}, {"model": "auth.permission", "pk": 11, "fields": {"name": "Can delete comment", "content_type": 3, "codename": "delete_comment"}}, {"model": "auth.permission", "pk": 12, "fields": {"name": "Can view comment", "content_type": 3, "codename": "view_comment"}}, {"model": "auth.permission", "pk": 13, "fields": {"name": "Can add log entry", "content_type": 4, "codename": "add_logentry"}}, {"model": "auth.permission", "pk": 14, "fields": {"name": "Can change log entry", "content_type": 4, "codename": "change_logentry"}}, {"model": "auth.permission", "pk": 15, "fields": {"name": "Can delete log entry", "content_type": 4, "codename": "delete_logentry"}}, {"model": "auth.permission", "pk": 16, "fields": {"name": "Can view log entry", "content_type": 4, "codename": "view_logentry"}}, {"model": "auth.permission", "pk": 17, "fields": {"name": "Can add permission", "content_type": 5, "codename": "add_permission"}}, {"model": "auth.permission", "pk": 18, "fields": {"name": "Can change permission", "content_type": 5, "codename": "change_permission"}}, {"model": "auth.permission", "pk": 19, "fields": {"name": "Can delete permission", "content_type": 5, "codename": "delete_permission"}}, {"model": "auth.permission", "pk": 20, "fields": {"name": "Can view permission", "content_type": 5, "codename": "view_permission"}}, {"model": "auth.permission", "pk": 21, "fields": {"name": "Can add group", "content_type": 6, "codename": "add_group"}}, {"model": "auth.permission", "pk": 22, "fields": {"name": "Can change group", "content_type": 6, "codename": "change_group"}}, {"model": "auth.permission", "pk": 23, "fields": {"name": "Can delete group", "content_type": 6, "codename": "delete_group"}}, {"model": "auth.permission", "pk": 24, "fields": {"name": "Can view group", "content_type": 6, "codename": "view_group"}}, {"model": "auth.permission", "pk": 25, "fields": {"name": "Can add user", "content_type": 7, "codename": "add_user"}}, {"model": "auth.permission", "pk": 26, "fields": {"name": "Can change user", "content_type": 7, "codename": "change_user"}}, {"model": "auth.permission", "pk": 27, "fields": {"name": "Can delete user", "content_type": 7, "codename": "delete_user"}}, {"model": "auth.permission", "pk": 28, "fields": {"name": "Can view user", "content_type": 7, "codename": "view_user"}}, {"model": "auth.permission", "pk": 29, "fields": {"name": "Can add content type", "content_type": 8, "codename": "add_contenttype"}}, {"model": "auth.permission", "pk": 30, "fields": {"name": "Can change content type", "content_type": 8, "codename": "change_contenttype"}}, {"model": "auth.permission", "pk": 31, "fields": {"name": "Can delete content type", "content_type": 8, "codename": "delete_contenttype"}}, {"model": "auth.permission", "pk": 32, "fields": {"name": "Can view content type", "content_type": 8, "codename": "view_contenttype"}}, {"model": "auth.permission", "pk": 33, "fields": {"name": "Can add session", "content_type": 9, "codename": "add_session"}}, {"model": "auth.permission", "pk": 34, "fields": {"name": "Can change session", "content_type": 9, "codename": "change_session"}}, {"model": "auth.permission", "pk": 35, "fields": {"name": "Can delete session", "content_type": 9, "codename": "delete_session"}}, {"model": "auth.permission", "pk": 36, "fields": {"name": "Can view session", "content_type": 9, "codename": "view_session"}}, {"model": "auth.permission", "pk": 37, "fields": {"name": "Can add site", "content_type": 10, "codename": "add_site"}}, {"model": "auth.permission", "pk": 38, "fields": {"name": "Can change site", "content_type": 10, "codename": "change_site"}}, {"model": "auth.permission", "pk": 39, "fields": {"name": "Can delete site", "content_type": 10, "codename": "delete_site"}}, {"model": "auth.permission", "pk": 40, "fields": {"name": "Can view site", "content_type": 10, "codename": "view_site"}}, {"model": "auth.permission", "pk": 41, "fields": {"name": "Can add comment", "content_type": 11, "codename": "add_comment"}}, {"model": "auth.permission", "pk": 42, "fields": {"name": "Can change comment", "content_type": 11, "codename": "change_comment"}}, {"model": "auth.permission", "pk": 43, "fields": {"name": "Can delete comment", "content_type": 11, "codename": "delete_comment"}}, {"model": "auth.permission", "pk": 44, "fields": {"name": "Can view comment", "content_type": 11, "codename": "view_comment"}}, {"model": "auth.permission", "pk": 45, "fields": {"name": "Can moderate comments", "content_type": 11, "codename": "can_moderate"}}, {"model": "auth.permission", "pk": 46, "fields": {"name": "Can add comment flag", "content_type": 12, "codename": "add_commentflag"}}, {"model": "auth.permission", "pk": 47, "fields": {"name": "Can change comment flag", "content_type": 12, "codename": "change_commentflag"}}, {"model": "auth.permission", "pk": 48, "fields": {"name": "Can delete comment flag", "content_type": 12, "codename": "delete_commentflag"}}, {"model": "auth.permission", "pk": 49, "fields": {"name": "Can view comment flag", "content_type": 12, "codename": "view_commentflag"}}, {"model": "auth.user", "pk": 1, "fields": {"password": "pbkdf2_sha256$870000$eHDYbVhVmXsVPQRZ7K2N12$EzdFSbJS5xUIndE7EFHnPazc4L76R5ZOrmzNKdrnn3g=", "last_login": "2024-12-05T15:44:19.919Z", "is_superuser": false, "username": "ddujju", "first_name": "", "last_name": "", "email": "email@up.net", "is_staff": false, "is_active": true, "date_joined": "2024-12-04T03:42:17.422Z", "groups": [], "user_permissions": []}}, {"model": "contenttypes.contenttype", "pk": 1, "fields": {"app_label": "insp", "model": "wisdombook"}}, {"model": "contenttypes.contenttype", "pk": 2, "fields": {"app_label": "insp", "model": "inspiration"}}, {"model": "contenttypes.contenttype", "pk": 3, "fields": {"app_label": "insp", "model": "comment"}}, {"model": "contenttypes.contenttype", "pk": 4, "fields": {"app_label": "admin", "model": "logentry"}}, {"model": "contenttypes.contenttype", "pk": 5, "fields": {"app_label": "auth", "model": "permission"}}, {"model": "contenttypes.contenttype", "pk": 6, "fields": {"app_label": "auth", "model": "group"}}, {"model": "contenttypes.contenttype", "pk": 7, "fields": {"app_label": "auth", "model": "user"}}, {"model": "contenttypes.contenttype", "pk": 8, "fields": {"app_label": "contenttypes", "model": "contenttype"}}, {"model": "contenttypes.contenttype", "pk": 9, "fields": {"app_label": "sessions", "model": "session"}}, {"model": "contenttypes.contenttype", "pk": 10, "fields": {"app_label": "sites", "model": "site"}}, {"model": "contenttypes.contenttype", "pk": 11, "fields": {"app_label": "django_comments", "model": "comment"}}, {"model": "contenttypes.contenttype", "pk": 12, "fields": {"app_label": "django_comments", "model": "commentflag"}}, {"model": "sessions.session", "pk": "4xjnb8t7h0dk6zc294ycuo5peuwmhwv7", "fields": {"session_data": ".eJxVjMsOwiAUBf-FtSFQHgGX7v0Gch8gVQNJaVfGf9cmXej2zMx5iQTbWtM28pJmFmehxel3Q6BHbjvgO7Rbl9Tbuswod0UedMhr5_y8HO7fQYVRv7V1wRe2gQCnWIrNOjhlwGg1BUSvWTO56CMWR5YCKZVVKRoxZIsOjHh_AOfwOFg:1tIiP8:6gdDfkGMV_ompr_TFc9AWDrMay6MEUVN9jqfxrtkoy0", "expire_date": "2024-12-18T05:58:30.288Z"}}, {"model": "sessions.session", "pk": "5yve1y0odg7pe4sc4xd4zepmizt2l4m9", "fields": {"session_data": ".eJxVjMsOwiAUBf-FtSFQHgGX7v0Gch8gVQNJaVfGf9cmXej2zMx5iQTbWtM28pJmFmehxel3Q6BHbjvgO7Rbl9Tbuswod0UedMhr5_y8HO7fQYVRv7V1wRe2gQCnWIrNOjhlwGg1BUSvWTO56CMWR5YCKZVVKRoxZIsOjHh_AOfwOFg:1tJ16n:6IzX80cUsIRXgzZt8nhRGGwQAKg6ntD_ulzoQzH9SqE", "expire_date": "2024-12-19T01:56:49.036Z"}}, {"model": "sessions.session", "pk": "8ekhwvjd84ccyyblswgqycww8yvqri6q", "fields": {"session_data": ".eJxVjMsOwiAUBf-FtSFQHgGX7v0Gch8gVQNJaVfGf9cmXej2zMx5iQTbWtM28pJmFmehxel3Q6BHbjvgO7Rbl9Tbuswod0UedMhr5_y8HO7fQYVRv7V1wRe2gQCnWIrNOjhlwGg1BUSvWTO56CMWR5YCKZVVKRoxZIsOjHh_AOfwOFg:1tJE1c:bRvxrV48gJLv5gYNT3hMI_ubbev9dyaoOSe62aGlPG4", "expire_date": "2024-12-19T15:44:20.161Z"}}, {"model": "sessions.session", "pk": "h33b6r0rtpsubmi66wsw5ptyi3fqn1kr", "fields": {"session_data": ".eJxVjMsOwiAUBf-FtSFQHgGX7v0Gch8gVQNJaVfGf9cmXej2zMx5iQTbWtM28pJmFmehxel3Q6BHbjvgO7Rbl9Tbuswod0UedMhr5_y8HO7fQYVRv7V1wRe2gQCnWIrNOjhlwGg1BUSvWTO56CMWR5YCKZVVKRoxZIsOjHh_AOfwOFg:1tIgHL:YWZWN-sCQITVI2f6orzCQmcI6RrtLb74bSY5IETLQQg", "expire_date": "2024-12-18T03:42:19.733Z"}}, {"model": "sessions.session", "pk": "h54pihjku8xbjm5gbaebxfaax04ztms7", "fields": {"session_data": ".eJxVjMsOwiAUBf-FtSFQHgGX7v0Gch8gVQNJaVfGf9cmXej2zMx5iQTbWtM28pJmFmehxel3Q6BHbjvgO7Rbl9Tbuswod0UedMhr5_y8HO7fQYVRv7V1wRe2gQCnWIrNOjhlwGg1BUSvWTO56CMWR5YCKZVVKRoxZIsOjHh_AOfwOFg:1tJ37a:lElSBQNBROFlfumqewFPUg8b1sNLqROqTgti-KGobJI", "expire_date": "2024-12-19T04:05:46.107Z"}}]